{
  "timestamp": "2025-08-18T09:20:07.296Z",
  "summary": [
    {
      "device": "Desktop",
      "performanceScore": 46,
      "lcp": 6441.62,
      "cls": 0,
      "fcp": 239.69600000000003
    },
    {
      "device": "Mobile",
      "performanceScore": 45,
      "lcp": 34209.56100000002,
      "cls": 0,
      "fcp": 764.1509999999998
    }
  ]
}